cluster_rank,cluster_id,category,board,title,summary,status,votes,comments,url
1,3,ago / post / comments / posts,feature suggestions,API Key / Token,API Key / Token. Buffer Sign in with Buffer Feature Suggestions Roadmap What's New 9 9 API Key / Token I would like to be able to create an access token without using Oauth2 for quicker and easier integration with your...,closed,,26,https://suggestions.buffer.com/p/api-key-token?b=feature-suggestions
1,3,ago / post / comments / posts,buffer api,API permissions / scopes,"API permissions / scopes. Buffer Sign in with Buffer Buffer API Roadmap What's New 4 4 API permissions / scopes It’d be great to have API permissions or scopes, so that we can create a key with limited powers. Context:...",in progress,,26,https://suggestions.buffer.com/p/api-permissions-scopes?b=buffer-api
1,3,ago / post / comments / posts,feature suggestions,Archive Content Ideas (including in bulk),Archive Content Ideas (including in bulk). Buffer Sign in with Buffer Feature Suggestions Roadmap What's New 12 12 Archive Content Ideas (including in bulk) Bulk delete create ideas in create ideas Comments Join the...,in progress,,26,https://suggestions.buffer.com/p/archive-content-ideas-including-in-bulk?b=feature-suggestions
1,3,ago / post / comments / posts,feature suggestions,Bulk add/remove tags to Ideas,"Bulk add/remove tags to Ideas. Buffer Sign in with Buffer Feature Suggestions Roadmap What's New 6 6 Bulk add/remove tags to Ideas It would be really helpful to select multiple Ideas on a content board, and apply one or...",in progress,,26,https://suggestions.buffer.com/p/bulk-add-remove-tags-to-ideas?b=feature-suggestions
1,3,ago / post / comments / posts,buffer api,Community API,Community API. Buffer Sign in with Buffer Buffer API Roadmap What's New 1 1 Community API Feature : Extending the current Buffer API with Community endpoints ⭐️ Goal : allow users to automate comment replies Use case :...,in progress,,26,https://suggestions.buffer.com/p/community-api?b=buffer-api
1,3,ago / post / comments / posts,feature suggestions,Custom post templates,Custom post templates. Buffer Sign in with Buffer Feature Suggestions Roadmap What's New 47 47 Custom post templates Is there a way to save your own post templates? It would make your work much easier. Comments Join the...,in progress,,26,https://suggestions.buffer.com/p/custom-post-templates?b=feature-suggestions
1,3,ago / post / comments / posts,feature suggestions,More Posting schedule options,"More Posting schedule options. Buffer Sign in with Buffer Feature Suggestions Roadmap What's New 20 20 More Posting schedule options Currently, we have to input/configure out posting schedule 7 times (for each day). And...",in progress,,26,https://suggestions.buffer.com/p/more-posting-schedule-options?b=feature-suggestions
1,3,ago / post / comments / posts,feature suggestions,Notes Functionality on Mobile Apps,Notes Functionality on Mobile Apps. Buffer Sign in with Buffer Feature Suggestions Roadmap What's New 7 7 Notes Functionality on Mobile Apps It would be great for notes to be accessible on the Buffer mobile apps as...,in progress,,26,https://suggestions.buffer.com/p/notes-functionality-on-mobile-apps?b=feature-suggestions
1,3,ago / post / comments / posts,feature suggestions,Notification Customization,"Notification Customization. Buffer Sign in with Buffer Feature Suggestions Roadmap What's New 9 9 Notification Customization There’s a pop up everytime I queue a post and it pops up in the most aggravating place, the...",in progress,,26,https://suggestions.buffer.com/p/notification-customization?b=feature-suggestions
1,3,ago / post / comments / posts,feature suggestions,Notification for notes left,Notification for notes left. Buffer Sign in with Buffer Feature Suggestions Roadmap What's New 16 16 Notification for notes left To be notified when someone leaves a comment on a draft or post Comments Join the...,in progress,,26,https://suggestions.buffer.com/p/notification-for-notes-left?b=feature-suggestions
1,3,ago / post / comments / posts,feature suggestions,Notifications for mentions of my channels,Notifications for mentions of my channels. Buffer Sign in with Buffer Feature Suggestions Roadmap What's New 15 15 Notifications for mentions of my channels turn on notifications on the platform so we can see when...,in progress,,26,https://suggestions.buffer.com/p/notifications-for-mentions-of-my-channels?b=feature-suggestions
1,3,ago / post / comments / posts,feature suggestions,Randomise post schedule,Randomise post schedule. Buffer Sign in with Buffer Feature Suggestions Roadmap What's New 10 10 Randomise post schedule I am posting on channel cyber threat intelligence news. the time schedule is persistent for each...,in progress,,26,https://suggestions.buffer.com/p/randomise-post-schedule?b=feature-suggestions
1,3,ago / post / comments / posts,feature suggestions,Reminder for scheduled drafts,"Reminder for scheduled drafts. Buffer Sign in with Buffer Feature Suggestions Roadmap What's New 19 19 Reminder for scheduled drafts I created some scheduled drafts and support told me, that I can’t activate a reminder....",in progress,,26,https://suggestions.buffer.com/p/reminder-for-scheduled-drafts?b=feature-suggestions
1,3,ago / post / comments / posts,feature suggestions,Schedule and Publish via API,Schedule and Publish via API. Buffer Sign in with Buffer Feature Suggestions Roadmap What's New 124 124 Schedule and Publish via API It would be great if Buffer had an API that enabled posts to be...,in progress,,26,https://suggestions.buffer.com/p/schedule-and-publish-via-api?b=feature-suggestions
1,3,ago / post / comments / posts,feature suggestions,Schedule multiple posts in one go.,Schedule multiple posts in one go.. Buffer Sign in with Buffer Feature Suggestions Roadmap What's New 6 6 Schedule multiple posts in one go. On our List < Drafts tab it would be amazing if we could selected the Schedule...,in progress,,26,https://suggestions.buffer.com/p/schedule-multiple-posts-in-one-go?b=feature-suggestions
1,3,ago / post / comments / posts,feature suggestions,Simple post prompts,Simple post prompts. Buffer Sign in with Buffer Feature Suggestions Roadmap What's New 7 7 Simple post prompts We should offer users a way to quickly come up with ideas for content using simple prompting...,in progress,,26,https://suggestions.buffer.com/p/simple-post-prompts?b=feature-suggestions
1,3,ago / post / comments / posts,feature suggestions,Sort/filter Sent Posts,"Sort/filter Sent Posts. Buffer Sign in with Buffer Feature Suggestions Roadmap What's New 18 18 Sort/filter Sent Posts Comments Join the discussion and help shape the future of Buffer. Once you’re signed in, you’ll be...",closed,,26,https://suggestions.buffer.com/p/sort-filter-sent-posts?b=feature-suggestions
1,3,ago / post / comments / posts,feature suggestions,Tagging team members in post notes,Tagging team members in post notes. Buffer Sign in with Buffer Feature Suggestions Roadmap What's New 8 8 Tagging team members in post notes Comments Join the discussion and help shape the future of Buffer. Once you’re...,in progress,,26,https://suggestions.buffer.com/p/tagging-team-members-in-post-notes?b=feature-suggestions
2,2,instagram / posts / ago / post,feature suggestions,Instagram Stories in Reports,Instagram Stories in Reports. Buffer Sign in with Buffer Feature Suggestions Roadmap What's New 11 11 Instagram Stories in Reports I can add tags when I schedule Instagram stories but they don’t show up as posts in the...,in progress,,26,https://suggestions.buffer.com/p/instagram-stories-in-reports?b=feature-suggestions
2,2,instagram / posts / ago / post,feature suggestions,Instagram direct messages,Instagram direct messages. Buffer Sign in with Buffer Feature Suggestions Roadmap What's New 29 29 Instagram direct messages Would love to see the ability to direct message from within Buffer using Instagram messages....,in progress,,26,https://suggestions.buffer.com/p/instagram-direct-messages?b=feature-suggestions
2,2,instagram / posts / ago / post,feature suggestions,Instagram link in story,Instagram link in story. Buffer Sign in with Buffer Feature Suggestions Roadmap What's New 122 122 Instagram link in story I wish I could add links or other stickers on my Insta story so that I can schedule them via...,in progress,,26,https://suggestions.buffer.com/p/instagram-link-in-story?b=feature-suggestions
2,2,instagram / posts / ago / post,feature suggestions,Repost an Instagram post as a story,Repost an Instagram post as a story. Buffer Sign in with Buffer Feature Suggestions Roadmap What's New 21 21 Repost an Instagram post as a story Repost an Instagram post as a story Comments Join the discussion and help...,in progress,,26,https://suggestions.buffer.com/p/repost-an-instagram-post-as-a-story?b=feature-suggestions
2,2,instagram / posts / ago / post,feature suggestions,Support collaborators on Instagram posts & reels,Support collaborators on Instagram posts & reels. Buffer Sign in with Buffer Feature Suggestions Roadmap What's New 152 152 Support collaborators on Instagram posts & reels Invite collaborator on Instagram posts/reels...,in progress,,26,https://suggestions.buffer.com/p/support-collaborators-on-instagram-posts-reels?b=feature-suggestions
2,2,instagram / posts / ago / post,feature suggestions,Tag Instagram accounts on video,Tag Instagram accounts on video. Buffer Sign in with Buffer Feature Suggestions Roadmap What's New 45 45 Tag Instagram accounts on video It should be possible to tag Instagram accounts when posting a video or reel. It...,in progress,,26,https://suggestions.buffer.com/p/tag-instagram-accounts-on-video?b=feature-suggestions
3,4,ago / youtube / content / loading,feature suggestions,Manage Youtube Comments,Manage Youtube Comments. Buffer Sign in with Buffer Feature Suggestions Roadmap What's New 32 32 Manage Youtube Comments Make Youtube a fully supported channel and add support to manage also comments through Buffer....,in progress,,26,https://suggestions.buffer.com/p/manage-youtube-comments?b=feature-suggestions
3,4,ago / youtube / content / loading,feature suggestions,Schedule long Youtube video,"Schedule long Youtube video. Buffer Sign in with Buffer Feature Suggestions Roadmap What's New 122 122 Schedule long Youtube video Hey, I’m starting to use the Buffer platform, and as most businesses, we have short and...",closed,,26,https://suggestions.buffer.com/p/schedule-long-youtube-video?b=feature-suggestions
3,4,ago / youtube / content / loading,feature suggestions,YouTube: Link scheduled Short to a related video within Buffer,YouTube: Link scheduled Short to a related video within Buffer. Buffer Sign in with Buffer Feature Suggestions Roadmap What's New 8 8 YouTube: Link scheduled Short to a related video within Buffer It would be great if...,in progress,,26,https://suggestions.buffer.com/p/youtube-link-scheduled-short-to-a-related-video-within-buffer?b=feature-suggestions
3,4,ago / youtube / content / loading,feature suggestions,YouTube: Shorts Add to Playlist,YouTube: Shorts Add to Playlist. Buffer Sign in with Buffer Feature Suggestions Roadmap What's New 21 21 YouTube: Shorts Add to Playlist It would be awesome if I could add my shorts to my shorts-specific playlist....,in progress,,26,https://suggestions.buffer.com/p/youtube-shorts-add-to-playlist?b=feature-suggestions
3,4,ago / youtube / content / loading,feature suggestions,Youtube: Add to Playlist,"Youtube: Add to Playlist. Buffer Sign in with Buffer Feature Suggestions Roadmap What's New 13 13 Youtube: Add to Playlist The title pretty much says it all, but being able to add videos to a specific playlist would be...",in progress,,26,https://suggestions.buffer.com/p/youtube-add-to-playlist?b=feature-suggestions
3,4,ago / youtube / content / loading,feature suggestions,Youtube: Shorts Add Related Video,"Youtube: Shorts Add Related Video. Buffer Sign in with Buffer Feature Suggestions Roadmap What's New 35 35 Youtube: Shorts Add Related Video For the shorts I publish, it would be a huge time-saver if I could add the...",complete,,26,https://suggestions.buffer.com/p/youtube-shorts-add-related-video?b=feature-suggestions
4,0,ago / instagram / months / post,feature suggestions,Automatically convert video to Instagram aspect ratio,"Automatically convert video to Instagram aspect ratio. Buffer Sign in with Buffer Feature Suggestions Roadmap What's New 17 17 Automatically convert video to Instagram aspect ratio I’m am posting 9×16 videos to FB,...",in progress,,26,https://suggestions.buffer.com/p/automatically-convert-video-to-instagram-aspect-ratio?b=feature-suggestions
4,0,ago / instagram / months / post,feature suggestions,Instagram – Support Scheduling 3:4 Media (1080x1440px),Instagram – Support Scheduling 3:4 Media (1080x1440px). Buffer Sign in with Buffer Feature Suggestions Roadmap What's New 10 10 Instagram – Support Scheduling 3:4 Media (1080x1440px) Instagram recently allowed posting...,in progress,,26,https://suggestions.buffer.com/p/instagram-support-scheduling-3-4-media-1080x1440px?b=feature-suggestions
4,0,ago / instagram / months / post,feature suggestions,Mixed Media in Instagram Carousels,Mixed Media in Instagram Carousels. Buffer Sign in with Buffer Feature Suggestions Roadmap What's New 61 61 Mixed Media in Instagram Carousels Instagram allows for mixed media (video AND images) in a carousel. Currently...,in progress,,26,https://suggestions.buffer.com/p/mixed-media-in-instagram-carousels?b=feature-suggestions
4,0,ago / instagram / months / post,feature suggestions,Post more pictures (up to 20) on Instagram and Facebook,Post more pictures (up to 20) on Instagram and Facebook. Buffer Sign in with Buffer Feature Suggestions Roadmap What's New 49 49 Post more pictures (up to 20) on Instagram and Facebook Instagram recently increased its...,in progress,,26,https://suggestions.buffer.com/p/post-more-pictures-up-to-20-on-instagram-and-facebook?b=feature-suggestions
4,0,ago / instagram / months / post,feature suggestions,Publish instagram Post with multiple videos,Publish instagram Post with multiple videos. Buffer Sign in with Buffer Feature Suggestions Roadmap What's New 321 321 Publish instagram Post with multiple videos It’s a native feature on instagram. We can publish a...,in progress,,26,https://suggestions.buffer.com/p/publish-instagram-post-with-multiple-videos?b=feature-suggestions
5,8,posts / approval / ago / post,feature suggestions,Allow post approval notifications to be assigned to specific admins,Allow post approval notifications to be assigned to specific admins. Buffer Sign in with Buffer Feature Suggestions Roadmap What's New 25 25 Allow post approval notifications to be assigned to specific admins We use...,in progress,,26,https://suggestions.buffer.com/p/allow-post-approval-notifications-to-be-assigned-to-specific-admins?b=feature-suggestions
5,8,posts / approval / ago / post,feature suggestions,Allow team Owners to also request approval for posts they create,Allow team Owners to also request approval for posts they create. Buffer Sign in with Buffer Feature Suggestions Roadmap What's New 30 30 Allow team Owners to also request approval for posts they create As head of...,in progress,,26,https://suggestions.buffer.com/p/allow-team-owners-to-also-request-approval-for-posts-they-create?b=feature-suggestions
5,8,posts / approval / ago / post,feature suggestions,Create a user role only for responding to comments in Community,Create a user role only for responding to comments in Community. Buffer Sign in with Buffer Feature Suggestions Roadmap What's New 9 9 Create a user role only for responding to comments in Community I want my marketing...,in progress,,26,https://suggestions.buffer.com/p/create-a-user-role-only-for-responding-to-comments-in-community?b=feature-suggestions
5,8,posts / approval / ago / post,feature suggestions,Email Notifications for Approval Posts between Admin and Team Member,Email Notifications for Approval Posts between Admin and Team Member. Buffer Sign in with Buffer Feature Suggestions Roadmap What's New 12 12 Email Notifications for Approval Posts between Admin and Team Member When a...,in progress,,26,https://suggestions.buffer.com/p/email-notifications-for-approval-posts-between-admin-and-team-member?b=feature-suggestions
6,7,image / instagram / ago / post,feature suggestions,Allow for quick cropping for Instagram aspect ratios,Allow for quick cropping for Instagram aspect ratios. Buffer Sign in with Buffer Feature Suggestions Roadmap What's New 38 38 Allow for quick cropping for Instagram aspect ratios I have a very common use case where I...,open,,26,https://suggestions.buffer.com/p/allow-for-quick-cropping-for-instagram-aspect-ratios?b=feature-suggestions
6,7,image / instagram / ago / post,feature suggestions,Instagram Auto Crop for Non-Standard Dimension,Instagram Auto Crop for Non-Standard Dimension. Buffer Sign in with Buffer Feature Suggestions Roadmap What's New 8 8 Instagram Auto Crop for Non-Standard Dimension If a photo uploaded for Instagram has Non-Standard...,in progress,,26,https://suggestions.buffer.com/p/instagram-auto-crop-for-non-standard-dimension?b=feature-suggestions
6,7,image / instagram / ago / post,feature suggestions,Possibility to modify image sizes,Possibility to modify image sizes. Buffer Sign in with Buffer Feature Suggestions Roadmap What's New 6 6 Possibility to modify image sizes Could you add possibility to modify the image sizes that Buffer suggests in the...,planned,,26,https://suggestions.buffer.com/p/possibility-to-modify-image-sizes?b=feature-suggestions
7,9,linkedin / post / posts / comments,feature suggestions,LinkedIn page mentions,LinkedIn page mentions. Buffer Sign in with Buffer Feature Suggestions Roadmap What's New 7 7 LinkedIn page mentions On the Community page it’s only possible to see the comments on LinkedIn. The mentions are not...,in progress,,26,https://suggestions.buffer.com/p/linkedin-page-mentions?b=feature-suggestions
7,9,linkedin / post / posts / comments,feature suggestions,Post LinkedIn articles,"Post LinkedIn articles. Buffer Sign in with Buffer Feature Suggestions Roadmap What's New 7 7 Post LinkedIn articles I would like to create a draft for publishing LinkedIn articles, which currently does not seem...",in progress,,26,https://suggestions.buffer.com/p/post-linkedin-articles?b=feature-suggestions
7,9,linkedin / post / posts / comments,feature suggestions,Publish LinkedIn Newsletters,"Publish LinkedIn Newsletters. Buffer Sign in with Buffer Feature Suggestions Roadmap What's New 29 29 Publish LinkedIn Newsletters In addition do posts in Linkedin,I need to post articles, as well as newletters. It is...",in progress,,26,https://suggestions.buffer.com/p/publish-linkedin-newsletters?b=feature-suggestions
8,12,post / ago / comments / team,feature suggestions,Collaboration & Team Comments,Collaboration & Team Comments. Buffer Sign in with Buffer Feature Suggestions Roadmap What's New 17 17 Collaboration & Team Comments I would like to be able to collaborate on ideas with my team by leaving comments on...,in progress,,26,https://suggestions.buffer.com/p/collaboration-team-comments?b=feature-suggestions
8,12,post / ago / comments / team,feature suggestions,Intermediate Editor Permission Level,Intermediate Editor Permission Level. Buffer Sign in with Buffer Feature Suggestions Roadmap What's New 7 7 Intermediate Editor Permission Level I am using Buffer for a school team. The goal is for students to be able...,in progress,,26,https://suggestions.buffer.com/p/intermediate-editor-permission-level?b=feature-suggestions
8,12,post / ago / comments / team,feature suggestions,Multiple level of approvals and revision control,Multiple level of approvals and revision control. Buffer Sign in with Buffer Feature Suggestions Roadmap What's New 18 18 Multiple level of approvals and revision control We have different team members that need to...,in progress,,26,https://suggestions.buffer.com/p/multiple-level-of-approvals-and-revision-control?b=feature-suggestions
9,17,gif / post / posts / comments,feature suggestions,Alt text for Gifs,Alt text for Gifs. Buffer Sign in with Buffer Feature Suggestions Roadmap What's New 6 6 Alt text for Gifs I can’t add alternative text to a gif. Comments Join the discussion and help shape the future of Buffer. Once...,in progress,,26,https://suggestions.buffer.com/p/alt-text-for-gifs?b=feature-suggestions
9,17,gif / post / posts / comments,feature suggestions,Integration with GIF platform,Integration with GIF platform. Buffer Sign in with Buffer Feature Suggestions Roadmap What's New 8 8 Integration with GIF platform Add GIFs to my posts easily (since GIPHY is no longer integrated) Comments Join the...,in progress,,26,https://suggestions.buffer.com/p/integration-with-gif-platform?b=feature-suggestions
9,17,gif / post / posts / comments,feature suggestions,The ability to add GIF's,The ability to add GIF's. Buffer Sign in with Buffer Feature Suggestions Roadmap What's New 10 10 The ability to add GIF's The ability to add GIF's is a very important feature. The individual app platforms do this and I...,in progress,,26,https://suggestions.buffer.com/p/the-ability-to-add-gif-s?b=feature-suggestions
10,1,content / calendar / ideas / ago,feature suggestions,Define & plan monthly content pillars,"Define & plan monthly content pillars. Buffer Sign in with Buffer Feature Suggestions Roadmap What's New 7 7 Define & plan monthly content pillars Building off the organizational improvements for Ideas, we could pave...",in progress,,26,https://suggestions.buffer.com/p/define-plan-monthly-content-pillars?b=feature-suggestions
10,1,content / calendar / ideas / ago,feature suggestions,Plan/Schedule Ideas on the Calendar,Plan/Schedule Ideas on the Calendar. Buffer Sign in with Buffer Feature Suggestions Roadmap What's New 227 227 Plan/Schedule Ideas on the Calendar I would like the ability to place ideas on a calendar for planning out a...,planned,,26,https://suggestions.buffer.com/p/plan-schedule-ideas-on-the-calendar?b=feature-suggestions
11,5,post / ideas / posted / comments,feature suggestions,Ideas: show when they are used to avoid reposts,Ideas: show when they are used to avoid reposts. Buffer Sign in with Buffer Feature Suggestions Roadmap What's New 77 77 Ideas: show when they are used to avoid reposts It would be great if a counter was added to an...,in progress,,26,https://suggestions.buffer.com/p/ideas-show-when-they-are-used-to-avoid-reposts?b=feature-suggestions
11,5,post / ideas / posted / comments,feature suggestions,Show ideas when composing a Post,"Show ideas when composing a Post. Buffer Sign in with Buffer Feature Suggestions Roadmap What's New 20 20 Show ideas when composing a Post If I have an Idea saved under create, and I click to schedule something like a...",in progress,,26,https://suggestions.buffer.com/p/show-ideas-when-composing-a-post?b=feature-suggestions
12,6,posts / post / queue / ago,feature suggestions,Inject post into queue,"Inject post into queue. Buffer Sign in with Buffer Feature Suggestions Roadmap What's New 41 41 Inject post into queue If I want to “inject” a post into a queue, I have to drag a post and replace an existing one. Then...",in progress,,26,https://suggestions.buffer.com/p/inject-post-into-queue?b=feature-suggestions
12,6,posts / post / queue / ago,feature suggestions,Select multiple posts at once to drag and drop in another time slot.,Select multiple posts at once to drag and drop in another time slot.. Buffer Sign in with Buffer Feature Suggestions Roadmap What's New 13 13 Select multiple posts at once to drag and drop in another time slot....,in progress,,26,https://suggestions.buffer.com/p/select-multiple-posts-at-once-to-drag-and-drop-in-another-time-slot?b=feature-suggestions
13,10,videos / alt / text / ago,feature suggestions,Alt text for bluesky videos,"Alt text for bluesky videos. Buffer Sign in with Buffer Feature Suggestions Roadmap What's New 14 14 Alt text for bluesky videos In Bluesky, videos support alt texts, but Buffer does not provide this option. I post...",in progress,,26,https://suggestions.buffer.com/p/alt-text-for-bluesky-videos-cf0f4ff5-5466-40be-996f-44a2684ba9b7?b=feature-suggestions
13,10,videos / alt / text / ago,feature suggestions,Support Alt Text in Mastodon for Videos,"Support Alt Text in Mastodon for Videos. Buffer Sign in with Buffer Feature Suggestions Roadmap What's New 20 20 Support Alt Text in Mastodon for Videos Please add alt text for videos, in the same way you support alt...",in progress,,26,https://suggestions.buffer.com/p/support-alt-text-in-mastodon-for-videos?b=feature-suggestions
14,11,social / ago / listening / years,feature suggestions,Social Media Listening,"Social Media Listening. Buffer Sign in with Buffer Feature Suggestions Roadmap What's New 11 11 Social Media Listening Social Media Listening would be a great feature to add, especially for orgs wishing for a one-stop...",in progress,,26,https://suggestions.buffer.com/p/social-media-listening-17480a98-bc4b-418e-804e-07ea325c86c9?b=feature-suggestions
14,11,social / ago / listening / years,feature suggestions,"Social Watch List for usernames, hashtags, etc.","Social Watch List for usernames, hashtags, etc.. Buffer Sign in with Buffer Feature Suggestions Roadmap What's New 20 20 Social Watch List for usernames, hashtags, etc. I would like to create a watch list of VIP...",in progress,,26,https://suggestions.buffer.com/p/social-watch-list-for-usernames-hashtags-etc?b=feature-suggestions
15,13,posts / language / post / ago,feature suggestions,Configure posting language in Bluesky,Configure posting language in Bluesky. Buffer Sign in with Buffer Feature Suggestions Roadmap What's New 12 12 Configure posting language in Bluesky Bluesky allows users to add language information to posts. Bluesky has...,in progress,,26,https://suggestions.buffer.com/p/configure-posting-language-in-bluesky?b=feature-suggestions
15,13,posts / language / post / ago,feature suggestions,Set post language for Mastodon posts,Set post language for Mastodon posts. Buffer Sign in with Buffer Feature Suggestions Roadmap What's New 17 17 Set post language for Mastodon posts Add the ability to choose the post language when posting to Mastodon....,in progress,,26,https://suggestions.buffer.com/p/set-post-language-for-mastodon-posts?b=feature-suggestions
16,14,app / ios / channels / post,feature suggestions,"Add select ""all channels"" button on the iOS app - like exists in the web browser interface","Add select ""all channels"" button on the iOS app - like exists in the web browser interface. Buffer Sign in with Buffer Feature Suggestions Roadmap What's New 15 15 Add select ""all channels"" button on the iOS app - like...",in progress,,26,https://suggestions.buffer.com/p/add-select-all-channels-button-on-the-ios-app-like-exists-in-the-web-browser-interface?b=feature-suggestions
16,14,app / ios / channels / post,feature suggestions,Allow mobile users to customize the page that appears when they open the app,Allow mobile users to customize the page that appears when they open the app. Buffer Sign in with Buffer Feature Suggestions Roadmap What's New 10 10 Allow mobile users to customize the page that appears when they open...,open,,26,https://suggestions.buffer.com/p/allow-mobile-users-to-customize-the-page-that-appears-when-they-open-the-app?b=feature-suggestions
17,15,ago / video / upload / suggestions,feature suggestions,Bulk upload video,"Bulk upload video. Buffer Sign in with Buffer Feature Suggestions Roadmap What's New 11 11 Bulk upload video like the image feature you just released, but for video! Comments Join the discussion and help shape the...",in progress,,26,https://suggestions.buffer.com/p/bulk-upload-video?b=feature-suggestions
17,15,ago / video / upload / suggestions,feature suggestions,Support long-form video on X/Twitter,Support long-form video on X/Twitter. Buffer Sign in with Buffer Feature Suggestions Roadmap What's New 12 12 Support long-form video on X/Twitter In X platform we as authenticated accounts can upload longtime videos...,in progress,,26,https://suggestions.buffer.com/p/support-long-form-video-on-x-twitter?b=feature-suggestions
18,16,post / ago / posts / stories,feature suggestions,Post Instagram Story and Reel in one post,Post Instagram Story and Reel in one post. Buffer Sign in with Buffer Feature Suggestions Roadmap What's New 12 12 Post Instagram Story and Reel in one post Would be convenient to just put a tick when scheduling a reel...,in progress,,26,https://suggestions.buffer.com/p/post-instagram-story-and-reel-in-one-post?b=feature-suggestions
18,16,post / ago / posts / stories,feature suggestions,"Separate Post Queue/Filter for Stories, Reels, Posts","Separate Post Queue/Filter for Stories, Reels, Posts. Buffer Sign in with Buffer Feature Suggestions Roadmap What's New 10 10 Separate Post Queue/Filter for Stories, Reels, Posts I want a separate post que for Facebook...",in progress,,26,https://suggestions.buffer.com/p/separate-post-queue-filter-for-stories-reels-posts?b=feature-suggestions
19,18,posts / comments / mastodon / suggestions,feature suggestions,Mastodon polls,Mastodon polls. Buffer Sign in with Buffer Feature Suggestions Roadmap What's New 8 8 Mastodon polls Would be awesome if you could add polls like web does. Comments Join the discussion and help shape the future of...,in progress,,26,https://suggestions.buffer.com/p/mastodon-polls?b=feature-suggestions
19,18,posts / comments / mastodon / suggestions,feature suggestions,Schedule boosts on Mastodon,Schedule boosts on Mastodon. Buffer Sign in with Buffer Feature Suggestions Roadmap What's New 10 10 Schedule boosts on Mastodon It’s common on Mastodon to boost one’s own posts for different time zones. This would be...,in progress,,26,https://suggestions.buffer.com/p/schedule-boosts-on-mastodon?b=feature-suggestions
20,19,post / posted / idea / posts,feature suggestions,Delete an idea once turned into a post,Delete an idea once turned into a post. Buffer Sign in with Buffer Feature Suggestions Roadmap What's New 7 7 Delete an idea once turned into a post We chose Buffer for the Create tab as this fits our internal...,in progress,,26,https://suggestions.buffer.com/p/delete-an-idea-once-turned-into-a-post?b=feature-suggestions
20,19,post / posted / idea / posts,feature suggestions,Option to auto-remove Ideas after posted,Option to auto-remove Ideas after posted. Buffer Sign in with Buffer Feature Suggestions Roadmap What's New 7 7 Option to auto-remove Ideas after posted It seems strange to me that this isn’t default - when I turn an...,in progress,,26,https://suggestions.buffer.com/p/option-to-auto-remove-ideas-after-posted?b=feature-suggestions
21,20,shuffle / comments / posts / channels,feature suggestions,Shuffle Queue for all channels + make more visible,"Shuffle Queue for all channels + make more visible. Buffer Sign in with Buffer Feature Suggestions Roadmap What's New 7 7 Shuffle Queue for all channels + make more visible I just came across the shuffle queue button,...",in progress,,26,https://suggestions.buffer.com/p/shuffle-queue-for-all-channels-make-more-visible?b=feature-suggestions
21,20,shuffle / comments / posts / channels,buffer api,"add a ""shuffle"" action to the channels","add a ""shuffle"" action to the channels. Buffer Sign in with Buffer Buffer API Roadmap What's New 3 3 add a ""shuffle"" action to the channels Occasionally after my automatons add posts to the queues, I would like to...",in progress,,26,https://suggestions.buffer.com/p/add-a-shuffle-action-to-the-channels?b=buffer-api
22,21,months / tags / apple / posts,buffer api,What's New,"What's New. Dec 4, 20255 months agoDec 4, 20255 months agoEasily move a post to top or bottom of your queueWe’ve released an improvement that will allow you to quickly move a queued post to the top or end of your queue!...",in progress,,26,https://suggestions.buffer.com/changelog
23,22,content / loading / wait / ago,feature suggestions,Customize thumbnails for video posts (including Reels),Customize thumbnails for video posts (including Reels). Buffer Sign in with Buffer Feature Suggestions Roadmap What's New 600 600 Customize thumbnails for video posts (including Reels) Why can't I customize the thumb...,in progress,,26,https://suggestions.buffer.com/p/customize-thumbnails-for-video-posts-including-reels?b=feature-suggestions
24,23,ago / content / analytics / loading,feature suggestions,Aggregated post analytics across all channels,Aggregated post analytics across all channels. Buffer Sign in with Buffer Feature Suggestions Roadmap What's New 379 379 Aggregated post analytics across all channels Is there any way to get an aggregated report by...,in progress,,26,https://suggestions.buffer.com/p/aggregated-post-analytics-across-all-channels?b=feature-suggestions
25,24,posts / post / ago / content,feature suggestions,Automatically reuse a past Post / recurring Posts,Automatically reuse a past Post / recurring Posts. Buffer Sign in with Buffer Feature Suggestions Roadmap What's New 373 373 Automatically reuse a past Post / recurring Posts It would be nice if you could make posts...,in progress,,26,https://suggestions.buffer.com/p/automatically-reuse-a-past-post-recurring-posts?b=feature-suggestions
26,25,ago / loading / content / wait,feature suggestions,Automatically resize and crop large images & videos per network,Automatically resize and crop large images & videos per network. Buffer Sign in with Buffer Feature Suggestions Roadmap What's New 254 254 Automatically resize and crop large images & videos per network Would like to...,in progress,,26,https://suggestions.buffer.com/p/automatically-resize-and-crop-large-images-videos-per-network?b=feature-suggestions
27,26,calendar / ago / content / months,feature suggestions,Notes or blocks on the calendar,Notes or blocks on the calendar. Buffer Sign in with Buffer Feature Suggestions Roadmap What's New 209 209 Notes or blocks on the calendar Be able to put a note on a day on the calendar. This could either be just for a...,planned,,26,https://suggestions.buffer.com/p/notes-or-blocks-on-the-calendar?b=feature-suggestions
28,27,ago / workspace / social / content,feature suggestions,Distinct workspaces for clients and brands,Distinct workspaces for clients and brands. Buffer Sign in with Buffer Feature Suggestions Roadmap What's New 168 168 Distinct workspaces for clients and brands I'd like to be able to have multiple workspaces for my...,open,,26,https://suggestions.buffer.com/p/distinct-workspaces-for-clients-and-brands?b=feature-suggestions
29,28,ago / loading / content / wait,feature suggestions,"Support for rich text in posts (bold, italic, etc.)","Support for rich text in posts (bold, italic, etc.). Buffer Sign in with Buffer Feature Suggestions Roadmap What's New 162 162 Support for rich text in posts (bold, italic, etc.) Comments Join the discussion and help...",in progress,,26,https://suggestions.buffer.com/p/support-for-rich-text-in-posts-bold-italic-etc?b=feature-suggestions
30,29,content / ago / loading / wait,feature suggestions,"Account-wide Search for Posts, Drafts & Ideas","Account-wide Search for Posts, Drafts & Ideas. Buffer Sign in with Buffer Feature Suggestions Roadmap What's New 151 151 Account-wide Search for Posts, Drafts & Ideas I would like to be able to search for content in the...",in progress,,26,https://suggestions.buffer.com/p/account-wide-search-for-posts-drafts-ideas?b=feature-suggestions
31,30,ago / loading / content / wait,feature suggestions,Send & receive direct messages within Buffer,Send & receive direct messages within Buffer. Buffer Sign in with Buffer Feature Suggestions Roadmap What's New 133 133 Send & receive direct messages within Buffer Recieve and send messages on my social media channels...,complete,,26,https://suggestions.buffer.com/p/send-receive-direct-messages-within-buffer?b=feature-suggestions
32,31,ago / loading / content / wait,feature suggestions,Schedule a LinkedIn Poll post,Schedule a LinkedIn Poll post. Buffer Sign in with Buffer Feature Suggestions Roadmap What's New 118 118 Schedule a LinkedIn Poll post Let us schedule a LinkedIn poll from Buffer Comments Join the discussion and help...,planned,,26,https://suggestions.buffer.com/p/schedule-a-linkedin-poll-post?b=feature-suggestions
33,32,ago / loading / content / wait,feature suggestions,Schedule Retweets/Reposts,Schedule Retweets/Reposts. Buffer Sign in with Buffer Feature Suggestions Roadmap What's New 107 107 Schedule Retweets/Reposts On twitter the main feature I use Buffer for is to schedule Retweets. It's something I use...,in progress,,26,https://suggestions.buffer.com/p/schedule-retweets-reposts?b=feature-suggestions
34,33,content / loading / wait / ago,feature suggestions,Automatically split longer post into thread,"Automatically split longer post into thread. Buffer Sign in with Buffer Feature Suggestions Roadmap What's New 103 103 Automatically split longer post into thread From ideas or from a longer piece of text, automatically...",open,,26,https://suggestions.buffer.com/p/automatically-split-longer-post-into-thread?b=feature-suggestions
35,34,ago / post / year / just,feature suggestions,Auto save during authoring,Auto save during authoring. Buffer Sign in with Buffer Feature Suggestions Roadmap What's New 89 89 Auto save during authoring Can we have some sort of autosave feature during authoring? Numerous times now I have spent...,in progress,,26,https://suggestions.buffer.com/p/auto-save-during-authoring?b=feature-suggestions
36,35,polls / ago / loading / content,feature suggestions,Support for Twitter polls,Support for Twitter polls. Buffer Sign in with Buffer Feature Suggestions Roadmap What's New 79 79 Support for Twitter polls I would love to schedule Twitter polls. Please add this feature. Comments Join the discussion...,in progress,,26,https://suggestions.buffer.com/p/support-for-twitter-polls?b=feature-suggestions
37,36,hashtags / ago / measuring / success,feature suggestions,Measuring the success of hashtags,Measuring the success of hashtags. Buffer Sign in with Buffer Feature Suggestions Roadmap What's New 72 72 Measuring the success of hashtags Clients are seeking to understand how their hashtags are performing. This is...,in progress,,26,https://suggestions.buffer.com/p/measuring-the-success-of-hashtags?b=feature-suggestions
38,37,content / loading / wait / ago,feature suggestions,Support Bluesky content labels,Support Bluesky content labels. Buffer Sign in with Buffer Feature Suggestions Roadmap What's New 71 71 Support Bluesky content labels What Bluesky has a feature to self-moderate/self-label content that you post to the...,in progress,,26,https://suggestions.buffer.com/p/support-bluesky-content-labels?b=feature-suggestions
39,38,ago / mobile / app / posts,feature suggestions,Creating a thread on the mobile app,Creating a thread on the mobile app. Buffer Sign in with Buffer Feature Suggestions Roadmap What's New 66 66 Creating a thread on the mobile app I can’t create a twitter thread on the buffer mobile app. I don’t know if...,open,,26,https://suggestions.buffer.com/p/creating-a-thread-on-the-mobile-app?b=feature-suggestions
40,39,ago / media / content / upload,feature suggestions,Bulk Upload Media Files to a Media Library,Bulk Upload Media Files to a Media Library. Buffer Sign in with Buffer Feature Suggestions Roadmap What's New 60 60 Bulk Upload Media Files to a Media Library Allow users to upload multiple image or video files at once...,in progress,,26,https://suggestions.buffer.com/p/bulk-upload-media-files-to-a-media-library?b=feature-suggestions
41,40,ago / linkedin / preview / months,feature suggestions,Improve accuracy of LinkedIn Preview,Improve accuracy of LinkedIn Preview. Buffer Sign in with Buffer Feature Suggestions Roadmap What's New 59 59 Improve accuracy of LinkedIn Preview The accuracy of the LinkedIn Preview is massively lacking. This leads to...,in progress,,26,https://suggestions.buffer.com/p/improve-accuracy-of-linkedin-preview?b=feature-suggestions
42,41,instagram / posts / music / post,feature suggestions,Attach songs to Instagram posts,Attach songs to Instagram posts. Buffer Sign in with Buffer Feature Suggestions Roadmap What's New 56 56 Attach songs to Instagram posts on instagram posting with a specific song attached to the post. i make my own...,in progress,,26,https://suggestions.buffer.com/p/attach-songs-to-instagram-posts?b=feature-suggestions
43,42,content / queue / ago / loading,feature suggestions,Tag-Based Scheduling for Efficient Queue Management,Tag-Based Scheduling for Efficient Queue Management. Buffer Sign in with Buffer Feature Suggestions Roadmap What's New 55 55 Tag-Based Scheduling for Efficient Queue Management It would be awesome if posting schedules...,complete,,26,https://suggestions.buffer.com/p/tag-based-scheduling-for-efficient-queue-management?b=feature-suggestions
44,43,ago / years / media / library,feature suggestions,Media / asset library,Media / asset library. Buffer Sign in with Buffer Feature Suggestions Roadmap What's New 51 51 Media / asset library Create a library of assets to pull from (rather than having to upload individual assets) Comments Join...,in progress,,26,https://suggestions.buffer.com/p/media-asset-library?b=feature-suggestions
45,44,calendar / ago / google / posts,feature suggestions,Google Calendar integration,Google Calendar integration. Buffer Sign in with Buffer Feature Suggestions Roadmap What's New 51 51 Google Calendar integration Import events from your Google Calendar into Buffer Comments Join the discussion and help...,in progress,,26,https://suggestions.buffer.com/p/google-calendar-integration?b=feature-suggestions
46,45,posts / track / link / clicks,feature suggestions,Track link clicks in Posts,Track link clicks in Posts. Buffer Sign in with Buffer Feature Suggestions Roadmap What's New 50 50 Track link clicks in Posts I want to be able to track link clicks (maybe by campaign but also just in general). If...,in progress,,26,https://suggestions.buffer.com/p/track-link-clicks-in-posts?b=feature-suggestions
47,46,monthly / weekly / ago / automated,feature suggestions,Automated monthly/weekly engagement reporting,Automated monthly/weekly engagement reporting. Buffer Sign in with Buffer Feature Suggestions Roadmap What's New 44 44 Automated monthly/weekly engagement reporting Receive Monthly/Weekly reports automatically sent to...,in progress,,26,https://suggestions.buffer.com/p/automated-monthly-weekly-engagement-reporting?b=feature-suggestions
48,47,posts / loading / content / wait,feature suggestions,Bulk Editing of Posts,"Bulk Editing of Posts. Buffer Sign in with Buffer Feature Suggestions Roadmap What's New 42 42 Bulk Editing of Posts If I need to move several Posts at one time, I currently have to do them one at a time. So imagine...",open,,26,https://suggestions.buffer.com/p/bulk-editing-of-posts?b=feature-suggestions
49,48,spellcheck / suggestions / comments / join,feature suggestions,Spellcheck!,Spellcheck!. Buffer Sign in with Buffer Feature Suggestions Roadmap What's New 42 42 Spellcheck! At the moment I have to copy the text into Word to spellcheck and then drop it back into Buffer. Unless I’m just missing...,in progress,,26,https://suggestions.buffer.com/p/spellcheck?b=feature-suggestions
50,49,posts / copy / manager / post,feature suggestions,"Saved Snippets for Posts, captions, first comments","Saved Snippets for Posts, captions, first comments. Buffer Sign in with Buffer Feature Suggestions Roadmap What's New 39 39 Saved Snippets for Posts, captions, first comments I want to be able to save and use copy/text...",open,,26,https://suggestions.buffer.com/p/saved-snippets-for-posts-captions-first-comments?b=feature-suggestions
51,50,ago / language / content / years,feature suggestions,Support for language localization / options,Support for language localization / options. Buffer Sign in with Buffer Feature Suggestions Roadmap What's New 39 39 Support for language localization / options I am currently working for a French company and most of...,complete,,26,https://suggestions.buffer.com/p/support-for-language-localization-options?b=feature-suggestions
52,51,loading / content / wait / bluesky,feature suggestions,Browser Extension: Threads & Bluesky,Browser Extension: Threads & Bluesky. Buffer Sign in with Buffer Feature Suggestions Roadmap What's New 38 38 Browser Extension: Threads & Bluesky Add the Buffer icon to Threads & Bluesky Comments Join the discussion...,in progress,,26,https://suggestions.buffer.com/p/browser-extension-threads-bluesky?b=feature-suggestions
53,52,hashtags / ago / manager / hashtag,feature suggestions,Make it easier to manage Hashtags,Make it easier to manage Hashtags. Buffer Sign in with Buffer Feature Suggestions Roadmap What's New 38 38 Make it easier to manage Hashtags Make it possible to simply manage your hashtags outside of the workflow of...,in progress,,26,https://suggestions.buffer.com/p/make-it-easier-to-manage-hashtags?b=feature-suggestions
54,53,ago / email / address / billing,feature suggestions,Add a separate email address for billing,Add a separate email address for billing. Buffer Sign in with Buffer Feature Suggestions Roadmap What's New 37 37 Add a separate email address for billing I would like to be able to add a billing email address that is...,in progress,,26,https://suggestions.buffer.com/p/add-a-separate-email-address-for-billing?b=feature-suggestions
55,54,ago / date / range / reporting,feature suggestions,Date range for reporting on tags,"Date range for reporting on tags. Buffer Sign in with Buffer Feature Suggestions Roadmap What's New 34 34 Date range for reporting on tags Hello, I run several different campaigns for projects on social media. Each...",in progress,,26,https://suggestions.buffer.com/p/date-range-for-reporting-on-tags?b=feature-suggestions
56,55,ago / years / link / client,feature suggestions,Send a schedule of content for client review,Send a schedule of content for client review. Buffer Sign in with Buffer Feature Suggestions Roadmap What's New 34 34 Send a schedule of content for client review We need to get client’s approval for a month’s worth of...,planned,,26,https://suggestions.buffer.com/p/send-a-schedule-of-content-for-client-review?b=feature-suggestions
57,56,ago / loading / content / wait,feature suggestions,Instagram Product tagging,Instagram Product tagging. Buffer Sign in with Buffer Feature Suggestions Roadmap What's New 33 33 Instagram Product tagging Instagram recently introduced an integration that we could use so that you can tag products in...,in progress,,26,https://suggestions.buffer.com/p/instagram-product-tagging?b=feature-suggestions
58,57,thread / tweets / drag / drop,feature suggestions,Reordering tweets in a thread by drag and drop,"Reordering tweets in a thread by drag and drop. Buffer Sign in with Buffer Feature Suggestions Roadmap What's New 32 32 Reordering tweets in a thread by drag and drop After preparing an X thread, if you want to reorder...",in progress,,26,https://suggestions.buffer.com/p/reordering-tweets-in-a-thread-by-drag-and-drop?b=feature-suggestions
59,58,image / ago / assistant / descriptions,feature suggestions,AI Assistant for image descriptions & alt text,AI Assistant for image descriptions & alt text. Buffer Sign in with Buffer Feature Suggestions Roadmap What's New 30 30 AI Assistant for image descriptions & alt text I’d love this to same me time saying what my images...,in progress,,26,https://suggestions.buffer.com/p/ai-assistant-for-image-descriptions-alt-text?b=feature-suggestions
60,59,posts / post / retry / time,feature suggestions,Auto Retry Failing Posts,Auto Retry Failing Posts. Buffer Sign in with Buffer Feature Suggestions Roadmap What's New 29 29 Auto Retry Failing Posts Retry failing posts automatically I would like to offer a different perspective to those people...,planned,,26,https://suggestions.buffer.com/p/auto-retry-failing-posts?b=feature-suggestions
61,60,instagram / seconds / reel / post,feature suggestions,Instagram & Facebook reels over 60 seconds,"Instagram & Facebook reels over 60 seconds. Buffer Sign in with Buffer Feature Suggestions Roadmap What's New 28 28 Instagram & Facebook reels over 60 seconds Currently through Meta Business Suite, if you upload a reel...",in progress,,26,https://suggestions.buffer.com/p/instagram-facebook-reels-over-60-seconds?b=feature-suggestions
62,61,thread / automatic / numbering / suggestions,feature suggestions,Thread automatic numbering,"Thread automatic numbering. Buffer Sign in with Buffer Feature Suggestions Roadmap What's New 27 27 Thread automatic numbering It would be great, that threads tweet should number automatically themselves, like 1/3, 2/3,...",in progress,,26,https://suggestions.buffer.com/p/thread-automatic-numbering?b=feature-suggestions
63,62,channels / ago / post / default,feature suggestions,Select Default Channels for Posting,Select Default Channels for Posting. Buffer Sign in with Buffer Feature Suggestions Roadmap What's New 27 27 Select Default Channels for Posting I'm a new user of Buffer and I have one irritant! Every time I post I have...,open,,26,https://suggestions.buffer.com/p/select-default-channels-for-posting?b=feature-suggestions
64,63,tiktok / ago / posts / year,feature suggestions,Add music to TikTok posts,"Add music to TikTok posts. Buffer Sign in with Buffer Feature Suggestions Roadmap What's New 26 26 Add music to TikTok posts If it is possible to add sounds to tiktok video, and set the sound Comments Join the...",in progress,,26,https://suggestions.buffer.com/p/add-music-to-tiktok-posts?b=feature-suggestions
65,64,flag / ago / nsfw / twitter,feature suggestions,"Flag images as NSFW when posting (Twitter, Bluesky, Mastodon)","Flag images as NSFW when posting (Twitter, Bluesky, Mastodon). Buffer Sign in with Buffer Feature Suggestions Roadmap What's New 26 26 Flag images as NSFW when posting (Twitter, Bluesky, Mastodon) You can do this on...",in progress,,26,https://suggestions.buffer.com/p/flag-images-as-nsfw-when-posting-twitter-bluesky-mastodon?b=feature-suggestions
66,65,posts / edit / post / years,feature suggestions,Ability to edit posts after publish,Ability to edit posts after publish. Buffer Sign in with Buffer Feature Suggestions Roadmap What's New 26 26 Ability to edit posts after publish I would love to be able to edit simple mistakes without deleting the post...,in progress,,26,https://suggestions.buffer.com/p/ability-to-edit-posts-after-publish?b=feature-suggestions
67,66,month / months / calendar / view,feature suggestions,Scroll vertically through months in Calendar view,Scroll vertically through months in Calendar view. Buffer Sign in with Buffer Feature Suggestions Roadmap What's New 25 25 Scroll vertically through months in Calendar view I’d like to be able to scroll through the...,in progress,,26,https://suggestions.buffer.com/p/scroll-vertically-through-months-in-calendar-view?b=feature-suggestions
68,67,posts / ago / export / csv,feature suggestions,"Export Posts/Drafts to a file (PDF, CSV, etc.)","Export Posts/Drafts to a file (PDF, CSV, etc.). Buffer Sign in with Buffer Feature Suggestions Roadmap What's New 25 25 Export Posts/Drafts to a file (PDF, CSV, etc.) I want to be able to build all of my Social Media...",in progress,,26,https://suggestions.buffer.com/p/export-posts-drafts-to-a-file-pdf-csv-etc?b=feature-suggestions
69,68,posts / ago / delete / post,feature suggestions,Delete a Post after it's been posted,"Delete a Post after it's been posted. Buffer Sign in with Buffer Feature Suggestions Roadmap What's New 24 24 Delete a Post after it's been posted Need to have able to delete a Tweet after post it and Retweet, these two...",in progress,,26,https://suggestions.buffer.com/p/delete-a-post-after-it-s-been-posted?b=feature-suggestions
70,69,posts / duplicate / year / ago,feature suggestions,"Bulk duplicate, copy, re-share posts","Bulk duplicate, copy, re-share posts. Buffer Sign in with Buffer Feature Suggestions Roadmap What's New 24 24 Bulk duplicate, copy, re-share posts I would like to make posts once for a full year and once I'm finished...",in progress,,26,https://suggestions.buffer.com/p/bulk-duplicate-copy-re-share-posts?b=feature-suggestions
71,70,join / turn / shake / shuffle,feature suggestions,Please allow us to turn off the shake to shuffle feature,Please allow us to turn off the shake to shuffle feature. Buffer Sign in with Buffer Feature Suggestions Roadmap What's New 21 21 Please allow us to turn off the shake to shuffle feature It just is really tough to use...,in progress,,26,https://suggestions.buffer.com/p/please-allow-us-to-turn-off-the-shake-to-shuffle-feature?b=feature-suggestions
72,71,post / posts / community / share,feature suggestions,Schedule a post for a community on X,"Schedule a post for a community on X. Buffer Sign in with Buffer Feature Suggestions Roadmap What's New 20 20 Schedule a post for a community on X I would really like the ability to post to communities on X, as well as...",in progress,,26,https://suggestions.buffer.com/p/schedule-a-post-for-a-community-on-x?b=feature-suggestions
73,72,ago / channels / api / post,feature suggestions,Custom channels via Webhooks,Custom channels via Webhooks. Buffer Sign in with Buffer Feature Suggestions Roadmap What's New 20 20 Custom channels via Webhooks Add your own channel via API. Create a webhook so that I can get a scheduled update...,complete,,26,https://suggestions.buffer.com/p/custom-channels-via-webhooks?b=feature-suggestions
74,73,mastodon / character / limit / ago,feature suggestions,Increase character limit for Mastodon,Increase character limit for Mastodon. Buffer Sign in with Buffer Feature Suggestions Roadmap What's New 19 19 Increase character limit for Mastodon Hi! Do you know that - Mastodon provides 1000 symbols per post. Not...,in progress,,26,https://suggestions.buffer.com/p/increase-character-limit-for-mastodon?b=feature-suggestions
75,74,post / posting / posts / batch-edit,feature suggestions,Batch-edit posting schedules,Batch-edit posting schedules. Buffer Sign in with Buffer Feature Suggestions Roadmap What's New 18 18 Batch-edit posting schedules The ability to edit the schedule across all channels at once. Comments Join the...,in progress,,26,https://suggestions.buffer.com/p/batch-edit-posting-schedules?b=feature-suggestions
76,75,posts / post / multiple / platforms,feature suggestions,Make AI posts for multiple platforms at once,Make AI posts for multiple platforms at once. Buffer Sign in with Buffer Feature Suggestions Roadmap What's New 18 18 Make AI posts for multiple platforms at once I asked your AI assistant to suggest content for three...,in progress,,26,https://suggestions.buffer.com/p/make-ai-posts-for-multiple-platforms-at-once?b=feature-suggestions
77,76,time / set / default / publish,feature suggestions,Set default publish time per channel,"Set default publish time per channel. Buffer Sign in with Buffer Feature Suggestions Roadmap What's New 17 17 Set default publish time per channel I want to save time when setting my posts, so I want to set a default...",in progress,,26,https://suggestions.buffer.com/p/set-default-publish-time-per-channel?b=feature-suggestions
78,77,ago / manager / mention / posts,feature suggestions,Mention Manager,Mention Manager. Buffer Sign in with Buffer Feature Suggestions Roadmap What's New 17 17 Mention Manager We are looking for something similar to the hashtag manager where you can create premade lists of @ tags. This is...,open,,26,https://suggestions.buffer.com/p/mention-manager?b=feature-suggestions
79,78,plan / posts / free / unlimited,feature suggestions,A plan between the free plan and unlimited posts.,A plan between the free plan and unlimited posts.. Buffer Sign in with Buffer Feature Suggestions Roadmap What's New 15 15 A plan between the free plan and unlimited posts. Hi. I want to make a suggestion about your...,in progress,,26,https://suggestions.buffer.com/p/a-plan-between-the-free-plan-and-unlimited-posts?b=feature-suggestions
80,79,suggestions / hashtags / post / hashtag,feature suggestions,Hashtag suggestions/lookup,"Hashtag suggestions/lookup. Buffer Sign in with Buffer Feature Suggestions Roadmap What's New 15 15 Hashtag suggestions/lookup First of all, the hashtag editing box is very small and can’t be expanded. It makes it...",in progress,,26,https://suggestions.buffer.com/p/hashtag-suggestions-lookup?b=feature-suggestions
81,80,post / draft / ago / drafts,feature suggestions,Draft -> Post workflow,"Draft -> Post workflow. Buffer Sign in with Buffer Feature Suggestions Roadmap What's New 15 15 Draft -> Post workflow It is confusing that a draft stays in drafts, even after you have created a post based on that...",in progress,,26,https://suggestions.buffer.com/p/draft-post-workflow?b=feature-suggestions
82,81,pdf / report / comments / functional,feature suggestions,A Functional Buffer Report to PDF Option,"A Functional Buffer Report to PDF Option. Buffer Sign in with Buffer Feature Suggestions Roadmap What's New 14 14 A Functional Buffer Report to PDF Option Currently, if you click “Export as PDF” for any social media...",in progress,,26,https://suggestions.buffer.com/p/a-functional-buffer-report-to-pdf-option?b=feature-suggestions
83,82,screen / widget / home / capture,feature suggestions,iOS - create ideas home screen widget,iOS - create ideas home screen widget. Buffer Sign in with Buffer Feature Suggestions Roadmap What's New 14 14 iOS - create ideas home screen widget Wouldn’t it be great to quickly capture an idea as you have it ? A...,in progress,,26,https://suggestions.buffer.com/p/ios-create-ideas-home-screen-widget?b=feature-suggestions
84,83,copy / paste / text / years,feature suggestions,Fix copy/paste inside of text editing,"Fix copy/paste inside of text editing. Buffer Sign in with Buffer Feature Suggestions Roadmap What's New 14 14 Fix copy/paste inside of text editing Particularly with making Twitter threads, it’s common to copy/paste...",in progress,,26,https://suggestions.buffer.com/p/fix-copy-paste-inside-of-text-editing?b=feature-suggestions
85,84,ago / assistant / apps / app,feature suggestions,Support AI Assistant in Mobile apps,"Support AI Assistant in Mobile apps. Buffer Sign in with Buffer Feature Suggestions Roadmap What's New 14 14 Support AI Assistant in Mobile apps 1. I can't see ai in the mobile app, I want to use ai in the app as well....",in progress,,26,https://suggestions.buffer.com/p/support-ai-assistant-in-mobile-apps?b=feature-suggestions
86,85,youtube / edit / tags / default,feature suggestions,Ability to Edit Youtube Tags or ability to use Youtube Default settings,Ability to Edit Youtube Tags or ability to use Youtube Default settings. Buffer Sign in with Buffer Feature Suggestions Roadmap What's New 13 13 Ability to Edit Youtube Tags or ability to use Youtube Default settings I...,in progress,,26,https://suggestions.buffer.com/p/ability-to-edit-youtube-tags-or-ability-to-use-youtube-default-settings?b=feature-suggestions
87,86,post / posted / indication / sent,feature suggestions,"Restore iOS indication of ""This may have been previously posted"", or similar.","Restore iOS indication of ""This may have been previously posted"", or similar.. Buffer Sign in with Buffer Feature Suggestions Roadmap What's New 13 13 Restore iOS indication of ""This may have been previously posted"", or...",in progress,,26,https://suggestions.buffer.com/p/restore-ios-indication-of-this-may-have-been-previously-posted-or-similar?b=feature-suggestions
88,87,tier / posts / comments / basic,feature suggestions,A more basic subscription tier,A more basic subscription tier. Buffer Sign in with Buffer Feature Suggestions Roadmap What's New 13 13 A more basic subscription tier I don’t particularly care for all the extra engagement tools or data analysis...,in progress,,26,https://suggestions.buffer.com/p/a-more-basic-subscription-tier?b=feature-suggestions
89,88,target / linkedin / posts / ago,feature suggestions,Ability to target different audiences on LinkedIn,Ability to target different audiences on LinkedIn. Buffer Sign in with Buffer Feature Suggestions Roadmap What's New 13 13 Ability to target different audiences on LinkedIn We’d love to see a feature on Buffer where we...,in progress,,26,https://suggestions.buffer.com/p/ability-to-target-different-audiences-on-linkedin?b=feature-suggestions
90,89,api / ago / thread / threads,feature suggestions,Schedule Twitter Thread with API,Schedule Twitter Thread with API. Buffer Sign in with Buffer Feature Suggestions Roadmap What's New 13 13 Schedule Twitter Thread with API I'd like to be able to program and post threads via the API. This is currently...,in progress,,26,https://suggestions.buffer.com/p/schedule-twitter-thread-with-api?b=feature-suggestions
91,90,post / profiles / tagging / posts,feature suggestions,Tagging of users on posts,Tagging of users on posts. Buffer Sign in with Buffer Feature Suggestions Roadmap What's New 13 13 Tagging of users on posts Tagging people without having to @ mention them on posts would be super cool and helpful!...,in progress,,26,https://suggestions.buffer.com/p/tagging-of-users-on-posts?b=feature-suggestions
92,91,ago / years / channels / able,feature suggestions,Editing Drafts across multiple channels,Editing Drafts across multiple channels. Buffer Sign in with Buffer Feature Suggestions Roadmap What's New 13 13 Editing Drafts across multiple channels the ability to edit drafts for multiple channels as one -...,in progress,,26,https://suggestions.buffer.com/p/editing-drafts-across-multiple-channels?b=feature-suggestions
93,92,campaigns / better / post / comments,feature suggestions,Better organization of Campaigns/Tags,Better organization of Campaigns/Tags. Buffer Sign in with Buffer Feature Suggestions Roadmap What's New 13 13 Better organization of Campaigns/Tags I would really appreciate better options for sorting campaigns. I work...,in progress,,26,https://suggestions.buffer.com/p/better-organization-of-campaigns-tags?b=feature-suggestions
94,93,channels / team / admin / manage,feature suggestions,Extended Team Permissions (Owner / Super Admin / Admin / Member),Extended Team Permissions (Owner / Super Admin / Admin / Member). Buffer Sign in with Buffer Feature Suggestions Roadmap What's New 12 12 Extended Team Permissions (Owner / Super Admin / Admin / Member) I’d like to give...,in progress,,26,https://suggestions.buffer.com/p/extended-team-permissions-owner-super-admin-admin-member-3807e13a-fc3d-43fd-8f5b-ee3908b4a368?b=feature-suggestions
95,94,tag / native / app / posts,feature suggestions,X/Twitter: The ability to tag accounts on pictures like in the native app...,X/Twitter: The ability to tag accounts on pictures like in the native app.... Buffer Sign in with Buffer Feature Suggestions Roadmap What's New 12 12 X/Twitter: The ability to tag accounts on pictures like in the native...,in progress,,26,https://suggestions.buffer.com/p/x-twitter-the-ability-to-tag-accounts-on-pictures-like-in-the-native-app?b=feature-suggestions
96,95,post / posts / group / comments,feature suggestions,Group related posts for different channels,Group related posts for different channels. Buffer Sign in with Buffer Feature Suggestions Roadmap What's New 11 11 Group related posts for different channels When you create a post with the goal of sharing to multiple...,in progress,,26,https://suggestions.buffer.com/p/group-related-posts-for-different-channels?b=feature-suggestions
97,96,trial / reels / months / ago,feature suggestions,Instagram Trial Reels,Instagram Trial Reels. Buffer Sign in with Buffer Feature Suggestions Roadmap What's New 11 11 Instagram Trial Reels Have the possibility to post a trial reel on Instagram. Comments Join the discussion and help shape...,in progress,,26,https://suggestions.buffer.com/p/instagram-trial-reels?b=feature-suggestions
98,97,facebook / events / post / able,feature suggestions,Facebook events,Facebook events. Buffer Sign in with Buffer Feature Suggestions Roadmap What's New 11 11 Facebook events I would like to post events to a Facebook group. The Facebook UI is awful when dealing with timezones. Comments...,in progress,,26,https://suggestions.buffer.com/p/facebook-events?b=feature-suggestions
99,98,posts / post / placeholder / day,feature suggestions,Placeholder Queue Slot,Placeholder Queue Slot. Buffer Sign in with Buffer Feature Suggestions Roadmap What's New 11 11 Placeholder Queue Slot Problem: I can’t schedule some specific posts / formats via Buffer (pdf or survey on LinkedIn etc)....,in progress,,26,https://suggestions.buffer.com/p/placeholder-queue-slot?b=feature-suggestions
100,99,post / ago / comment / comments,feature suggestions,Auto-dm based on trigger,"Auto-dm based on trigger. Buffer Sign in with Buffer Feature Suggestions Roadmap What's New 10 10 Auto-dm based on trigger I post free resources on X and LinkedIn, where I ask people to comment a word (for example:...",closed,,26,https://suggestions.buffer.com/p/auto-dm-based-on-trigger?b=feature-suggestions
101,100,hashtags / automatically / image / content,feature suggestions,Automatically Add Hashtags Based on Image Content or Meta Data,Automatically Add Hashtags Based on Image Content or Meta Data. Buffer Sign in with Buffer Feature Suggestions Roadmap What's New 10 10 Automatically Add Hashtags Based on Image Content or Meta Data For an Instagram...,in progress,,26,https://suggestions.buffer.com/p/automatically-add-hashtags-based-on-image-content-or-meta-data?b=feature-suggestions
102,101,text / alt / images / main,feature suggestions,Alternative Text for Images,Alternative Text for Images. Buffer Sign in with Buffer Feature Suggestions Roadmap What's New 10 10 Alternative Text for Images Make it so users can add alt text to images from the main scheduling page. If there’s a...,open,,26,https://suggestions.buffer.com/p/alternative-text-for-images?b=feature-suggestions
103,102,mastodon / character / custom / setting,feature suggestions,"Mastodon, add custom setting for character legth","Mastodon, add custom setting for character legth. Buffer Sign in with Buffer Feature Suggestions Roadmap What's New 10 10 Mastodon, add custom setting for character legth Since each server in Mastodon can have different...",in progress,,26,https://suggestions.buffer.com/p/mastodon-add-custom-setting-for-character-legth?b=feature-suggestions
104,103,ideas / folders / idea / client,feature suggestions,Idea / client workspaces or folders,Idea / client workspaces or folders. Buffer Sign in with Buffer Feature Suggestions Roadmap What's New 10 10 Idea / client workspaces or folders Grouping ideas for each channel. I manage different companies and which to...,in progress,,26,https://suggestions.buffer.com/p/idea-client-workspaces-or-folders?b=feature-suggestions
105,104,ago / website / years / code,feature suggestions,Embed a social media feed on a website,Embed a social media feed on a website. Buffer Sign in with Buffer Feature Suggestions Roadmap What's New 10 10 Embed a social media feed on a website Please consider creating a code widget that would allow a post that...,in progress,,26,https://suggestions.buffer.com/p/embed-a-social-media-feed-on-a-website?b=feature-suggestions
106,105,ago / competitive / analytics / comparison,feature suggestions,Competitive Analytics Comparison,Competitive Analytics Comparison. Buffer Sign in with Buffer Feature Suggestions Roadmap What's New 10 10 Competitive Analytics Comparison feature allows Instagram account holders to benchmark and measure their account...,in progress,,26,https://suggestions.buffer.com/p/competitive-analytics-comparison?b=feature-suggestions
107,106,posts / months / ago / titles,feature suggestions,Titles for Posts,"Titles for Posts. Buffer Sign in with Buffer Feature Suggestions Roadmap What's New 9 9 Titles for Posts You can name posts while in the “create” feature, but not after they’re in draft form. It makes it hard to know...",in progress,,26,https://suggestions.buffer.com/p/titles-for-posts?b=feature-suggestions
108,107,loading / content / wait / grid,feature suggestions,Integrating Shop Grid with Start Page,"Integrating Shop Grid with Start Page. Buffer Sign in with Buffer Feature Suggestions Roadmap What's New 9 9 Integrating Shop Grid with Start Page The “Updates” section is taking up too much space on my start page, and...",in progress,,26,https://suggestions.buffer.com/p/integrating-shop-grid-with-start-page?b=feature-suggestions
109,108,label / posts / ago / setting,feature suggestions,AI label setting for posts,AI label setting for posts. Buffer Sign in with Buffer Feature Suggestions Roadmap What's New 9 9 AI label setting for posts Instagram and TikTok require creators to add AI generated content label to posts if a video is...,in progress,,26,https://suggestions.buffer.com/p/ai-label-setting-for-posts?b=feature-suggestions
110,109,location / default / post / having,feature suggestions,Automatic location by default,"Automatic location by default. Buffer Sign in with Buffer Feature Suggestions Roadmap What's New 9 9 Automatic location by default Hello, I work for the Instagram of several restaurants in my city, I would like the...",in progress,,26,https://suggestions.buffer.com/p/automatic-location-by-default?b=feature-suggestions
111,110,comments / posts / filter / unread,feature suggestions,"""New/Unread"" filter on Engage","""New/Unread"" filter on Engage. Buffer Sign in with Buffer Feature Suggestions Roadmap What's New 9 9 ""New/Unread"" filter on Engage In the engagement tab, I'm missing a new comments filter (those I haven't responded to...",in progress,,26,https://suggestions.buffer.com/p/new-unread-filter-on-engage?b=feature-suggestions
112,111,integration / api / ago / years,feature suggestions,Upgrades to Buffer <> Make integration,"Upgrades to Buffer <> Make integration. Buffer Sign in with Buffer Feature Suggestions Roadmap What's New 9 9 Upgrades to Buffer <> Make integration Currently, Zapier is the only integration that supports updating your...",in progress,,26,https://suggestions.buffer.com/p/upgrades-to-buffer-make-integration?b=feature-suggestions
113,112,startpage / analytics / reports / track,feature suggestions,Startpage: more analytics and integrate it in reports,Startpage: more analytics and integrate it in reports. Buffer Sign in with Buffer Feature Suggestions Roadmap What's New 9 9 Startpage: more analytics and integrate it in reports I have an image grid and it does not...,in progress,,26,https://suggestions.buffer.com/p/startpage-more-analytics-and-integrate-it-in-reports?b=feature-suggestions
114,113,shop / grid / posts / analytics,feature suggestions,Analytics on Insta's Shop Grid,Analytics on Insta's Shop Grid. Buffer Sign in with Buffer Feature Suggestions Roadmap What's New 9 9 Analytics on Insta's Shop Grid I would like to know how many clicks my posts are generating + which posts are better...,in progress,,26,https://suggestions.buffer.com/p/analytics-on-insta-s-shop-grid?b=feature-suggestions
115,114,ago / enforce / users / years,feature suggestions,Allow organisation to enforce 2FA across users,Allow organisation to enforce 2FA across users. Buffer Sign in with Buffer Feature Suggestions Roadmap What's New 9 9 Allow organisation to enforce 2FA across users Enforce all of the users on my account to enrol in...,in progress,,26,https://suggestions.buffer.com/p/allow-organisation-to-enforce-2fa-across-users?b=feature-suggestions
116,115,posts / mastodon / setting / public,feature suggestions,Set privacy setting for Mastodon posts,"Set privacy setting for Mastodon posts. Buffer Sign in with Buffer Feature Suggestions Roadmap What's New 9 9 Set privacy setting for Mastodon posts Mark posts as unlisted, followers only or public. Comments Join the...",in progress,,26,https://suggestions.buffer.com/p/set-privacy-setting-for-mastodon-posts?b=feature-suggestions
117,116,view / post / community / beta,feature suggestions,By-post view in Community,By-post view in Community. Buffer Sign in with Buffer Feature Suggestions Roadmap What's New 8 8 By-post view in Community Need to have the old community feature because it allow me to have access to the post...,in progress,,26,https://suggestions.buffer.com/p/by-post-view-in-community?b=feature-suggestions
118,117,draft / versioning / posts / suggestions,feature suggestions,Draft Versioning,"Draft Versioning. Buffer Sign in with Buffer Feature Suggestions Roadmap What's New 8 8 Draft Versioning At times, I find myself making changes to a Draft and would like to review or undo the modifications I've made....",in progress,,26,https://suggestions.buffer.com/p/draft-versioning?b=feature-suggestions
119,118,linkedin / posts / repost / future,feature suggestions,Import LinkedIn posts from others into Buffer (for future repost or comments),Import LinkedIn posts from others into Buffer (for future repost or comments). Buffer Sign in with Buffer Feature Suggestions Roadmap What's New 8 8 Import LinkedIn posts from others into Buffer (for future repost or...,in progress,,26,https://suggestions.buffer.com/p/import-linkedin-posts-from-others-into-buffer-for-future-repost-or-comments?b=feature-suggestions
120,119,comment / post / video / comments,feature suggestions,First comment bulking,First comment bulking. Buffer Sign in with Buffer Feature Suggestions Roadmap What's New 8 8 First comment bulking The first comment is an ad and should adapt to the current campaign. New feature: I can add a first...,in progress,,26,https://suggestions.buffer.com/p/first-comment-bulking?b=feature-suggestions
121,120,post / app / notifications / comments,feature suggestions,Engagement Notification in App,Engagement Notification in App. Buffer Sign in with Buffer Feature Suggestions Roadmap What's New 8 8 Engagement Notification in App This month I decided to make the switch from Sprout to Buffer. One of the features I...,planned,,26,https://suggestions.buffer.com/p/engagement-notification-in-app?b=feature-suggestions
122,121,hyperlink / label / links / custom,feature suggestions,Insert hyperlink with a custom label,Insert hyperlink with a custom label. Buffer Sign in with Buffer Feature Suggestions Roadmap What's New 8 8 Insert hyperlink with a custom label I’m not sure if it is possible. In Word and any Office programs you can...,in progress,,26,https://suggestions.buffer.com/p/insert-hyperlink-with-a-custom-label?b=feature-suggestions
123,122,comments / hide / react / ago,feature suggestions,"Ability to react to, edit or hide comments in Engagement","Ability to react to, edit or hide comments in Engagement. Buffer Sign in with Buffer Feature Suggestions Roadmap What's New 8 8 Ability to react to, edit or hide comments in Engagement We can not react, delete, hide,...",in progress,,26,https://suggestions.buffer.com/p/ability-to-react-to-edit-or-hide-comments-in-engagement?b=feature-suggestions
124,123,company / posts / better / tagging,feature suggestions,Better company tagging experience in Posts,Better company tagging experience in Posts. Buffer Sign in with Buffer Feature Suggestions Roadmap What's New 8 8 Better company tagging experience in Posts Put in part of a company name to tag (so @company) and have a...,closed,,26,https://suggestions.buffer.com/p/better-company-tagging-experience-in-posts?b=feature-suggestions
125,124,analytics / boosted / post / ago,feature suggestions,Organic vs. Boosted Post Analytics,Organic vs. Boosted Post Analytics. Buffer Sign in with Buffer Feature Suggestions Roadmap What's New 8 8 Organic vs. Boosted Post Analytics Would be nve to filter the analytics and be able to display only organic or...,in progress,,26,https://suggestions.buffer.com/p/organic-vs-boosted-post-analytics?b=feature-suggestions
126,125,analytics / posts / post / tab,feature suggestions,Create Post from Analytics Tab Feature (for reposting top old posts),Create Post from Analytics Tab Feature (for reposting top old posts). Buffer Sign in with Buffer Feature Suggestions Roadmap What's New 7 7 Create Post from Analytics Tab Feature (for reposting top old posts) All due...,in progress,,26,https://suggestions.buffer.com/p/create-post-from-analytics-tab-feature-for-reposting-top-old-posts?b=feature-suggestions
127,126,confirmation / step / publish / calendar,feature suggestions,"PLEASE add a confirmation step before ""publish now"" on calendar","PLEASE add a confirmation step before ""publish now"" on calendar. Buffer Sign in with Buffer Feature Suggestions Roadmap What's New 7 7 PLEASE add a confirmation step before ""publish now"" on calendar I can’t understand...",open,,26,https://suggestions.buffer.com/p/please-add-a-confirmation-step-before-publish-now-on-calendar?b=feature-suggestions
128,127,logo / watermark / suggestions / able,feature suggestions,Logo watermark,Logo watermark. Buffer Sign in with Buffer Feature Suggestions Roadmap What's New 7 7 Logo watermark Would love to be able to upload a png of my logo to watermark all of my videos/photos. Comments Join the discussion...,in progress,,26,https://suggestions.buffer.com/p/logo-watermark?b=feature-suggestions
129,128,week / numbers / calendar / comments,feature suggestions,Week numbers on calendar week view,Week numbers on calendar week view. Buffer Sign in with Buffer Feature Suggestions Roadmap What's New 7 7 Week numbers on calendar week view Please add the calendar week numbers to the calendar views. Most campaigns run...,in progress,,26,https://suggestions.buffer.com/p/week-numbers-on-calendar-week-view?b=feature-suggestions
130,129,bluesky / posts / punctuation / ago,feature suggestions,Bug fix on Bluesky posts - punctuation,"Bug fix on Bluesky posts - punctuation. Buffer Sign in with Buffer Feature Suggestions Roadmap What's New 7 7 Bug fix on Bluesky posts - punctuation When queueing posts for Bluesky, there’s a glitch that un-links any...",in progress,,26,https://suggestions.buffer.com/p/bug-fix-on-bluesky-posts-punctuation?b=feature-suggestions
131,130,domain / start / page / custom,feature suggestions,Custom Domain for Start Page,Custom Domain for Start Page. Buffer Sign in with Buffer Feature Suggestions Roadmap What's New 7 7 Custom Domain for Start Page Add the option to link your custom domain via DNS records to use for your start page...,in progress,,26,https://suggestions.buffer.com/p/custom-domain-for-start-page?b=feature-suggestions
132,131,canva / graphics / comments / animations,feature suggestions,Canva Animations,"Canva Animations. Buffer Sign in with Buffer Feature Suggestions Roadmap What's New 7 7 Canva Animations I regularly share animated Canva graphics to my Instagram stories. I create and animate the graphics in Canva,...",in progress,,26,https://suggestions.buffer.com/p/canva-animations?b=feature-suggestions
133,132,post / schedule / reply / bluesky,feature suggestions,Schedule a Reply Post on Bluesky,Schedule a Reply Post on Bluesky. Buffer Sign in with Buffer Feature Suggestions Roadmap What's New 7 7 Schedule a Reply Post on Bluesky I’d like the ability to schedule a post that is a reply. I’m making a daily thread...,in progress,,26,https://suggestions.buffer.com/p/schedule-a-reply-post-on-bluesky?b=feature-suggestions
134,133,pinterest / tagged / topic / reach,feature suggestions,Pinterest - Tagged topic,Pinterest - Tagged topic. Buffer Sign in with Buffer Feature Suggestions Roadmap What's New 7 7 Pinterest - Tagged topic I would like to ask for the feature “Tagged Topics” when scheduling Pinterest posts. This feature...,in progress,,26,https://suggestions.buffer.com/p/pinterest-tagged-topic?b=feature-suggestions
135,134,location / post / tiktok / posted,feature suggestions,Add location on Tik Tok,"Add location on Tik Tok. Buffer Sign in with Buffer Feature Suggestions Roadmap What's New 7 7 Add location on Tik Tok When I post my TikTok drafts, it doesn’t offer the option to add a location like it does with...",in progress,,26,https://suggestions.buffer.com/p/add-location-on-tik-tok?b=feature-suggestions
136,135,app / comments / social / feeds,feature suggestions,Social feeds/timelines in the app,Social feeds/timelines in the app. Buffer Sign in with Buffer Feature Suggestions Roadmap What's New 7 7 Social feeds/timelines in the app We need to be able to read our own twitter timeline on Buffer like the HootSuite...,in progress,,26,https://suggestions.buffer.com/p/social-feeds-timelines-in-the-app?b=feature-suggestions
137,136,page / start / able / custom,feature suggestions,Start Page Customization,"Start Page Customization. Buffer Sign in with Buffer Feature Suggestions Roadmap What's New 7 7 Start Page Customization I am trying to further customize our Start Page. I would love to be able to add our custom fonts,...",in progress,,26,https://suggestions.buffer.com/p/start-page-customization?b=feature-suggestions
138,137,api / post / analytics / ago,feature suggestions,API for Post Analytics,"API for Post Analytics. Buffer Sign in with Buffer Feature Suggestions Roadmap What's New 7 7 API for Post Analytics Hi, We are a small company that would like to use your API in order to fetch data from out social...",in progress,,26,https://suggestions.buffer.com/p/api-for-post-analytics?b=feature-suggestions
139,138,chatgpt / plus / content / assistant,feature suggestions,Integration of Personal ChatGPT Plus Accounts into Buffer's AI Assistant,Integration of Personal ChatGPT Plus Accounts into Buffer's AI Assistant. Buffer Sign in with Buffer Feature Suggestions Roadmap What's New 7 7 Integration of Personal ChatGPT Plus Accounts into Buffer's AI Assistant...,in progress,,26,https://suggestions.buffer.com/p/integration-of-personal-chatgpt-plus-accounts-into-buffer-s-ai-assistant?b=feature-suggestions
140,139,captions / post / srt / ago,feature suggestions,Support adding captions to videos via srt file.,Support adding captions to videos via srt file.. Buffer Sign in with Buffer Feature Suggestions Roadmap What's New 7 7 Support adding captions to videos via srt file. Closed Captions are essential for creating...,closed,,26,https://suggestions.buffer.com/p/support-adding-captions-to-videos-via-srt-file?b=feature-suggestions
141,140,post / created / team / suggestions,feature suggestions,See who created a post on my team,"See who created a post on my team. Buffer Sign in with Buffer Feature Suggestions Roadmap What's New 7 7 See who created a post on my team I would like to be able to see who made a post on the calendar, or inside the...",in progress,,26,https://suggestions.buffer.com/p/see-who-created-a-post-on-my-team?b=feature-suggestions
142,141,post / recurring / holidays / day,feature suggestions,Recurring annual holidays,"Recurring annual holidays. Buffer Sign in with Buffer Feature Suggestions Roadmap What's New 6 6 Recurring annual holidays Our company has recurring days annually that we post on. For instance, our company birthday, GIS...",in progress,,26,https://suggestions.buffer.com/p/recurring-annual-holidays?b=feature-suggestions
143,142,linkedin / video / ago / thumbnail,feature suggestions,LinkedIn - update custom thumbnail when you add video,"LinkedIn - update custom thumbnail when you add video. Buffer Sign in with Buffer Feature Suggestions Roadmap What's New 6 6 LinkedIn - update custom thumbnail when you add video On LinkedIn, it would be great to have...",in progress,,26,https://suggestions.buffer.com/p/linkedin-update-custom-thumbnail-when-you-add-video?b=feature-suggestions
144,143,view / calendar / comments / set,feature suggestions,Option to Set Calendar View as the Default View,"Option to Set Calendar View as the Default View. Buffer Sign in with Buffer Feature Suggestions Roadmap What's New 6 6 Option to Set Calendar View as the Default View When I log into Buffer, I want to immediately see a...",in progress,,26,https://suggestions.buffer.com/p/option-to-set-calendar-view-as-the-default-view?b=feature-suggestions
145,144,channel / ago / channels / accounts,feature suggestions,Renaming channels within Buffer,Renaming channels within Buffer. Buffer Sign in with Buffer Feature Suggestions Roadmap What's New 6 6 Renaming channels within Buffer Buffer pulls in the channel name directly from each social channel. Some users have...,in progress,,26,https://suggestions.buffer.com/p/renaming-channels-within-buffer?b=feature-suggestions
146,145,comments / meta / manage / ads,feature suggestions,Manage comments on meta ads in Community,Manage comments on meta ads in Community. Buffer Sign in with Buffer Feature Suggestions Roadmap What's New 6 6 Manage comments on meta ads in Community Ability to manage comments on Meta ads alongside normal facebook...,in progress,,26,https://suggestions.buffer.com/p/manage-comments-on-meta-ads-in-community?b=feature-suggestions
147,146,sso / integration / suggestions / able,feature suggestions,SSO integration,"SSO integration. Buffer Sign in with Buffer Feature Suggestions Roadmap What's New 6 6 SSO integration For security, our company requires Microsoft Entra for SSO integration. Now I do not know if we will be able to use...",in progress,,26,https://suggestions.buffer.com/p/sso-integration?b=feature-suggestions
148,147,share / icon / mastodon / comments,feature suggestions,Support Buffer share icon in Mastodon with the browser extension,Support Buffer share icon in Mastodon with the browser extension. Buffer Sign in with Buffer Feature Suggestions Roadmap What's New 6 6 Support Buffer share icon in Mastodon with the browser extension Just like twitter...,in progress,,26,https://suggestions.buffer.com/p/support-buffer-share-icon-in-mastodon-with-the-browser-extension?b=feature-suggestions
149,148,engagement / post / posts / metrics,buffer api,Expose Post Engagement Metrics via the API,Expose Post Engagement Metrics via the API. Buffer Sign in with Buffer Buffer API Roadmap What's New 21 21 Expose Post Engagement Metrics via the API The Buffer GraphQL API currently supports creating and retrieving...,in progress,,26,https://suggestions.buffer.com/p/expose-post-engagement-metrics-via-the-api?b=buffer-api
150,149,media / storage / post / copy,buffer api,Copy media to Buffer storage after post creation,"Copy media to Buffer storage after post creation. Buffer Sign in with Buffer Buffer API Roadmap What's New 14 14 Copy media to Buffer storage after post creation After successful createPost, please ingest/copy media to...",in progress,,26,https://suggestions.buffer.com/p/copy-media-to-buffer-storage-after-post-creation?b=buffer-api
151,150,api / tiktok / binary / file,buffer api,Binary file upload (FILE_UPLOAD) support for TikTok in MCP API,Binary file upload (FILE_UPLOAD) support for TikTok in MCP API. Buffer Sign in with Buffer Buffer API Roadmap What's New 12 12 Binary file upload (FILE_UPLOAD) support for TikTok in MCP API Hi! Love what you're building...,in progress,,26,https://suggestions.buffer.com/p/binary-file-upload-file_upload-support-for-tiktok-in-mcp-api?b=buffer-api
152,151,api / image / upload / post,buffer api,Image assets for API,Image assets for API. Buffer Sign in with Buffer Buffer API Roadmap What's New 10 10 Image assets for API it’s a real blocker that any image to attach thorugh the API must already be hosted online somewhere. It would be...,in progress,,26,https://suggestions.buffer.com/p/image-assets-for-api?b=buffer-api
153,152,video / api / createidea / public,buffer api,Support video media in createIdea (Public API),Support video media in createIdea (Public API). Buffer Sign in with Buffer Buffer API Roadmap What's New 9 9 Support video media in createIdea (Public API) Please add full video support for createIdea. Text and image...,in progress,,26,https://suggestions.buffer.com/p/support-video-media-in-createidea-public-api?b=buffer-api
154,153,claude / code / skill / api,buffer api,can you create a claude code skill?,can you create a claude code skill?. Buffer Sign in with Buffer Buffer API Roadmap What's New 6 6 can you create a claude code skill? I use Claude Code and it’s taking it a long time to try and understand the new Buffer...,in progress,,26,https://suggestions.buffer.com/p/can-you-create-a-claude-code-skill?b=buffer-api
155,154,limit / character / characters / linkedin,buffer api,Document LinkedIn character limit and Unicode handling in Buffer docs,Document LinkedIn character limit and Unicode handling in Buffer docs. Buffer Sign in with Buffer Buffer API Roadmap What's New 4 4 Document LinkedIn character limit and Unicode handling in Buffer docs Buffer enforces a...,in progress,,26,https://suggestions.buffer.com/p/document-linkedin-character-limit-and-unicode-handling-in-buffer-docs?b=buffer-api
156,155,channel / groups / zapier / comments,buffer api,Expose channel groups in Zapier,Expose channel groups in Zapier. Buffer Sign in with Buffer Buffer API Roadmap What's New 4 4 Expose channel groups in Zapier Would be amazing to have channel groups exposed in Zapier to help minimize task usage....,in progress,,26,https://suggestions.buffer.com/p/expose-channel-groups-in-zapier?b=buffer-api
157,156,query / ideas / api / post,buffer api,"Query ""Ideas""","Query ""Ideas"". Buffer Sign in with Buffer Buffer API Roadmap What's New 1 1 Query ""Ideas"" Currently on the GraphQL API there is no Query Idea entry point. It would be great to treat Ideas as a source of truth for...",in progress,,26,https://suggestions.buffer.com/p/query-ideas?b=buffer-api
